,ID_SINIESTRO,AÃ‘O,MES,DIA,ROL,VICTIMA,SEXO,EDAD,FECHA_FALLECIMIENTO
0,2016-0001,2016,1,1,Conductor,Moto,Masculino,19,1/1/2016
1,2016-0002,2016,1,2,Conductor,Auto,Masculino,70,1/2/2016
2,2016-0003,2016,1,3,Conductor,Moto,Masculino,30,1/3/2016
3,2016-0004,2016,1,10,Conductor,Moto,Masculino,18,SD
4,2016-0005,2016,1,21,Conductor,Moto,Masculino,29,2/1/2016
5,2016-0008,2016,1,24,Conductor,Moto,Masculino,30,1/24/2016
6,2016-0009,2016,1,24,Pasajero_Acompanante,Moto,Masculino,29,1/26/2016
7,2016-0010,2016,1,29,Conductor,Moto,Masculino,18,1/29/2016
8,2016-0012,2016,2,8,Conductor,Moto,Masculino,22,2/8/2016
9,2016-0013,2016,2,10,Peaton,Peaton,Masculino,16,2/10/2016
10,2016-0015,2016,2,14,Peaton,Peaton,Femenino,16,2/14/2016
11,2016-0016,2016,2,14,Pasajero_Acompanante,Moto,Femenino,19,2/14/2016
12,2016-0017,2016,2,15,Peaton,Peaton,Masculino,59,2/16/2016
13,2016-0019,2016,2,17,Peaton,Peaton,Femenino,65,2/17/2016
14,2016-0020,2016,2,17,Peaton,Peaton,Masculino,59,3/2/2016
15,2016-0021,2016,2,17,Conductor,Auto,Masculino,34,2/17/2016
16,2016-0022,2016,2,21,Pasajero_Acompanante,Moto,Masculino,41,SD
17,2016-0025,2016,2,28,Pasajero_Acompanante,Auto,Masculino,34,2/28/2016
18,2016-0026,2016,2,28,Conductor,Auto,Masculino,30,3/4/2016
19,2016-0027,2016,2,28,Pasajero_Acompanante,Auto,Masculino,34,SD
20,2016-0028,2016,3,2,Peaton,Peaton,Masculino,50,3/2/2016
21,2016-0029,2016,3,4,Peaton,Peaton,Masculino,38,3/4/2016
22,2016-0031,2016,3,8,Conductor,Moto,Masculino,21,SD
23,2016-0034,2016,3,12,Peaton,Peaton,Masculino,52,3/12/2016
24,2016-0035,2016,3,13,Conductor,Moto,Masculino,34,3/13/2016
25,2016-0036,2016,3,14,Pasajero_Acompanante,Moto,Masculino,36,3/14/2016
26,2016-0037,2016,3,19,Conductor,Moto,Masculino,20,3/19/2016
27,2016-0038,2016,3,21,Peaton,Peaton,Masculino,29,3/21/2016
28,2016-0039,2016,3,23,Conductor,Moto,Masculino,20,3/23/2016
29,2016-0041,2016,3,29,Conductor,Moto,Masculino,54,3/29/2016
30,2016-0041,2016,3,29,Pasajero_Acompanante,Moto,Masculino,SD,3/30/2016
31,2016-0043,2016,3,30,Peaton,Peaton,Femenino,56,3/30/2016
32,2016-0044,2016,3,31,Conductor,Moto,Masculino,24,3/31/2016
33,2016-0045,2016,4,11,Conductor,Moto,Masculino,SD,SD
34,2016-0047,2016,4,15,Peaton,Peaton,Masculino,41,4/15/2016
35,2016-0048,2016,4,15,Peaton,Peaton,Femenino,SD,SD
36,2016-0049,2016,4,17,Sd,Sd,Sd,SD,SD
37,2016-0050,2016,4,19,Peaton,Peaton,Masculino,78,4/19/2016
38,2016-0051,2016,4,20,Conductor,Moto,Masculino,36,4/20/2016
39,2016-0052,2016,4,20,Sd,Moto,Sd,SD,SD
40,2016-0053,2016,4,22,Peaton,Peaton,Masculino,38,4/22/2016
41,2016-0054,2016,4,23,Conductor,Moto,Masculino,30,4/25/2016
42,2016-0055,2016,4,25,Peaton,Peaton,Masculino,79,4/28/2016
43,2016-0056,2016,4,26,Conductor,Moto,Masculino,26,4/26/2016
44,2016-0058,2016,5,4,Peaton,Peaton,Femenino,57,5/8/2016
45,2016-0059,2016,5,8,Peaton,Peaton,Masculino,37,5/26/2016
46,2016-0064,2016,5,14,Peaton,Peaton,Masculino,20,SD
47,2016-0065,2016,5,20,Peaton,Peaton,Masculino,20,5/20/2016
48,2016-0067,2016,5,21,Pasajero_Acompanante,Moto,Femenino,30,SD
49,2016-0068,2016,5,22,Conductor,Moto,Masculino,58,SD
50,2016-0069,2016,5,23,Conductor,Auto,Masculino,30,5/23/2016
51,2016-0073,2016,6,11,Conductor,Moto,Masculino,23,SD
52,2016-0074,2016,6,12,Conductor,Auto,Masculino,60,SD
53,2016-0075,2016,6,12,Peaton,Peaton,Masculino,42,6/12/2016
54,2016-0076,2016,6,13,Peaton,Peaton,Femenino,53,6/13/2016
55,2016-0077,2016,6,13,Peaton,Peaton,Femenino,SD,SD
56,2016-0078,2016,6,13,Conductor,Moto,Masculino,30,SD
57,2016-0079,2016,6,16,Conductor,Auto,Femenino,51,SD
58,2016-0080,2016,6,18,Conductor,Auto,Masculino,60,SD
59,2016-0081,2016,6,22,Conductor,Moto,Masculino,40,SD
60,2016-0082,2016,6,27,Peaton,Peaton,Masculino,87,7/5/2016
61,2016-0083,2016,6,28,Peaton,Peaton,Femenino,76,6/29/2016
62,2016-0084,2016,6,29,Peaton,Peaton,Masculino,57,7/8/2016
63,2016-0085,2016,6,29,Sd,Moto,Masculino,SD,SD
64,2016-0086,2016,6,30,Peaton,Peaton,Masculino,75,7/1/2016
65,2016-0087,2016,7,3,Conductor,Moto,Masculino,23,7/3/2016
66,2016-0088,2016,7,11,Peaton,Peaton,Femenino,70,7/14/2016
67,2016-0089,2016,7,14,Peaton,Peaton,Masculino,35,7/14/2016
68,2016-0090,2016,7,14,Peaton,Peaton,Masculino,60,7/15/2016
69,2016-0092,2016,7,15,Conductor,Moto,Masculino,24,7/15/2016
70,2016-0093,2016,7,17,Conductor,Auto,Masculino,35,7/19/2016
71,2016-0095,2016,7,23,Conductor,Moto,Masculino,29,7/23/2016
72,2016-0096,2016,7,25,Conductor,Moto,Masculino,SD,SD
73,2016-0097,2016,7,26,Peaton,Peaton,Masculino,80,8/12/2016
74,2016-0098,2016,7,27,Conductor,Moto,Femenino,43,SD
75,2016-0099,2016,7,29,Conductor,Cargas,Masculino,45,SD
76,2016-0100,2016,8,3,Conductor,Moto,Masculino,57,8/3/2016
77,2016-0101,2016,8,7,Sd,Sd,Masculino,67,SD
78,2016-0102,2016,8,10,Conductor,Moto,Masculino,29,SD
79,2016-0104,2016,8,14,Conductor,Moto,Masculino,21,8/15/2016
80,2016-0105,2016,8,17,Peaton,Peaton,Masculino,19,8/26/2016
81,2016-0106,2016,8,19,Peaton,Peaton,Masculino,38,SD
82,2016-0107,2016,8,20,Conductor,Moto,Masculino,21,SD
83,2016-0109,2016,8,24,Conductor,Auto,Femenino,53,8/24/2016
84,2016-0110,2016,8,24,Peaton,Peaton,Masculino,57,SD
85,2016-0111,2016,8,25,Conductor,Moto,Masculino,27,8/25/2016
86,2016-0112,2016,8,27,Conductor,Moto,Masculino,24,8/27/2016
87,2016-0113,2016,8,27,Peaton,Peaton,Femenino,60,SD
88,2016-0114,2016,8,31,Ciclista,Bicicleta,Femenino,55,8/31/2016
89,2016-0115,2016,9,2,Sd,Sd,Masculino,SD,SD
90,2016-0116,2016,9,2,Conductor,Moto,Masculino,30,9/2/2016
91,2016-0117,2016,9,3,Conductor,Auto,Masculino,43,SD
92,2016-0118,2016,9,4,Conductor,Auto,Masculino,27,9/4/2016
93,2016-0119,2016,9,4,Pasajero_Acompanante,Sd,Femenino,SD,SD
94,2016-0122,2016,9,13,Ciclista,Bicicleta,Masculino,49,9/13/2016
95,2016-0123,2016,9,14,Conductor,Moto,Femenino,58,SD
96,2016-0124,2016,9,16,Peaton,Peaton,Masculino,67,SD
97,2016-0125,2016,9,17,Conductor,Moto,Masculino,30,SD
98,2016-0126,2016,9,18,Conductor,Auto,Masculino,37,SD
99,2016-0126,2016,9,18,Pasajero_Acompanante,Auto,Masculino,60,SD
100,2016-0127,2016,9,24,Peaton,Peaton,Masculino,50,SD
101,2016-0128,2016,10,2,Peaton,Peaton,Femenino,81,10/2/2016
102,2016-0130,2016,10,4,Conductor,Moto,Masculino,29,10/4/2016
103,2016-0131,2016,10,9,Peaton,Peaton,Masculino,35,SD
104,2016-0132,2016,10,10,Pasajero_Acompanante,Auto,Masculino,30,10/10/2016
105,2016-0133,2016,10,14,Conductor,Moto,Masculino,41,10/25/2016
106,2016-0134,2016,10,23,Conductor,Moto,Masculino,25,10/23/2016
107,2016-0135,2016,10,24,Peaton,Peaton,Masculino,29,10/25/2016
108,2016-0136,2016,10,25,Conductor,Moto,Sd,SD,SD
109,2016-0137,2016,10,25,Conductor,Moto,Masculino,30,SD
110,2016-0138,2016,10,27,Ciclista,Bicicleta,Femenino,33,SD
111,2016-0139,2016,10,28,Pasajero_Acompanante,Moto,Femenino,35,SD
112,2016-0140,2016,10,31,Pasajero_Acompanante,Pasajeros,Masculino,20,SD
113,2016-0142,2016,11,5,Conductor,Moto,Masculino,46,11/5/2016
114,2016-0143,2016,11,6,Conductor,Moto,Masculino,35,SD
115,2016-0144,2016,11,7,Peaton,Peaton,Masculino,83,SD
116,2016-0145,2016,11,7,Conductor,Moto,Masculino,39,11/7/2016
117,2016-0146,2016,11,9,Peaton,Peaton,Femenino,29,SD
118,2016-0147,2016,11,16,Pasajero_Acompanante,Movil,Masculino,55,11/16/2016
119,2016-0148,2016,11,16,Conductor,Moto,Masculino,SD,SD
120,2016-0150,2016,11,18,Pasajero_Acompanante,Cargas,Masculino,41,11/18/2016
121,2016-0151,2016,11,18,Peaton,Peaton,Sd,SD,SD
122,2016-0152,2016,11,23,Conductor,Moto,Masculino,42,11/24/2016
123,2016-0153,2016,11,25,Peaton,Peaton,Femenino,83,11/25/2016
124,2016-0154,2016,11,26,Conductor,Moto,Masculino,38,SD
125,2016-0155,2016,11,26,Peaton,Peaton,Femenino,29,SD
126,2016-0156,2016,11,26,Conductor,Moto,Masculino,23,11/30/2016
127,2016-0157,2016,12,3,Conductor,Moto,Masculino,23,SD
128,2016-0159,2016,12,4,Conductor,Auto,Masculino,23,SD
129,2016-0160,2016,12,6,Conductor,Cargas,Masculino,29,12/6/2016
130,2016-0161,2016,12,6,Peaton,Peaton,Masculino,50,12/6/2016
131,2016-0162,2016,12,7,Peaton,Peaton,Masculino,38,1/1/2017
132,2016-0163,2016,12,10,Conductor,Moto,Masculino,23,SD
133,2016-0164,2016,12,11,Conductor,Auto,Masculino,29,SD
134,2016-0165,2016,12,12,Ciclista,Bicicleta,Masculino,37,SD
135,2016-0168,2016,12,13,Conductor,Moto,Masculino,43,12/13/2016
136,2016-0169,2016,12,15,Conductor,Moto,Masculino,24,12/16/2016
137,2016-0170,2016,12,19,Pasajero_Acompanante,Moto,Masculino,21,12/19/2016
138,2016-0171,2016,12,25,Conductor,Moto,Sd,SD,SD
139,2016-0172,2016,12,26,Conductor,Moto,Masculino,38,12/26/2016
140,2016-0173,2016,12,26,Conductor,Moto,Masculino,35,SD
141,2016-0174,2016,12,27,Sd,Sd,Sd,SD,SD
142,2016-0175,2016,12,27,Peaton,Peaton,Femenino,SD,SD
143,2016-0176,2016,12,28,Conductor,Moto,Masculino,28,SD
144,2016-0177,2016,12,29,Peaton,Peaton,Femenino,27,SD
145,2016-0178,2016,12,30,Peaton,Peaton,Femenino,7,SD
146,2017-0001,2017,1,2,Conductor,Moto,Masculino,18,1/2/2017
147,2017-0003,2017,1,5,Pasajero_Acompanante,Cargas,Masculino,33,1/5/2017
148,2017-0007,2017,1,11,Peaton,Peaton,Masculino,48,1/11/2017
149,2017-0008,2017,1,16,Conductor,Moto,Masculino,29,1/16/2017
150,2017-0009,2017,1,16,Conductor,Moto,Masculino,36,1/16/2017
151,2017-0010,2017,1,16,Conductor,Moto,Masculino,23,1/16/2017
152,2017-0011,2017,1,22,Pasajero_Acompanante,Moto,Femenino,29,1/22/2017
153,2017-0012,2017,1,24,Conductor,Moto,Masculino,30,1/24/2017
154,2017-0013,2017,1,27,Peaton,Peaton,Masculino,4,1/27/2017
155,2017-0014,2017,1,28,Pasajero_Acompanante,Moto,Femenino,22,1/28/2017
156,2017-0015,2017,2,2,Peaton,Peaton,Masculino,82,2/21/2017
157,2017-0016,2017,2,3,Conductor,Moto,Masculino,27,2/4/2017
158,2017-0017,2017,2,6,Conductor,Moto,Masculino,32,2/6/2017
159,2017-0018,2017,2,9,Conductor,Moto,Masculino,30,2/9/2017
160,2017-0021,2017,2,18,Conductor,Moto,Masculino,43,2/18/2017
161,2017-0024,2017,2,23,Peaton,Peaton,Masculino,39,2/23/2017
162,2017-0025,2017,2,24,Conductor,Moto,Masculino,23,2/24/2017
163,2017-0026,2017,2,26,Pasajero_Acompanante,Auto,Femenino,23,2/26/2017
164,2017-0026,2017,2,26,Conductor,Auto,Masculino,19,2/26/2017
165,2017-0027,2017,2,26,Peaton,Peaton,Masculino,SD,2/26/2017
166,2017-0028,2017,2,28,Peaton,Peaton,Masculino,87,2/28/2017
167,2017-0029,2017,3,7,Sd,Sd,Masculino,34,3/7/2017
168,2017-0030,2017,3,7,Conductor,Auto,Femenino,27,3/7/2017
169,2017-0031,2017,3,11,Pasajero_Acompanante,Auto,Masculino,70,3/11/2017
170,2017-0032,2017,3,12,Pasajero_Acompanante,Auto,Femenino,40,3/12/2017
171,2017-0033,2017,3,12,Conductor,Auto,Masculino,28,3/12/2017
172,2017-0034,2017,3,13,Peaton,Peaton,Masculino,43,3/13/2017
173,2017-0035,2017,3,23,Conductor,Auto,Masculino,28,3/23/2017
174,2017-0035,2017,3,23,Pasajero_Acompanante,Auto,Masculino,32,3/23/2017
175,2017-0035,2017,3,23,Pasajero_Acompanante,Auto,Masculino,30,3/23/2017
176,2017-0036,2017,3,29,Pasajero_Acompanante,Moto,Femenino,SD,3/29/2017
177,2017-0036,2017,3,29,Conductor,Moto,Masculino,20,3/29/2017
178,2017-0037,2017,3,31,Conductor,Moto,Masculino,41,3/31/2017
179,2017-0038,2017,4,1,Conductor,Moto,Femenino,40,4/1/2017
180,2017-0040,2017,4,3,Conductor,Auto,Masculino,43,4/3/2017
181,2017-0041,2017,4,3,Conductor,Moto,Masculino,17,SD
182,2017-0042,2017,4,10,Conductor,Moto,Masculino,SD,4/10/2017
183,2017-0045,2017,4,14,Conductor,Moto,Masculino,21,4/14/2017
184,2017-0047,2017,4,23,Conductor,Moto,Masculino,37,4/23/2017
185,2017-0049,2017,4,27,Peaton,Peaton,Masculino,22,4/27/2017
186,2017-0050,2017,4,28,Conductor,Moto,Masculino,46,4/28/2017
187,2017-0050,2017,4,28,Pasajero_Acompanante,Moto,Masculino,16,4/28/2017
188,2017-0051,2017,5,1,Conductor,Auto,Masculino,33,5/1/2017
189,2017-0052,2017,5,5,Peaton,Peaton,Femenino,47,5/5/2017
190,2017-0053,2017,5,5,Conductor,Moto,Masculino,28,5/5/2017
191,2017-0054,2017,5,7,Pasajero_Acompanante,Moto,Femenino,20,5/7/2017
192,2017-0055,2017,5,9,Conductor,Auto,Masculino,32,5/9/2017
193,2017-0058,2017,5,9,Peaton,Peaton,Masculino,80,5/9/2017
194,2017-0059,2017,5,11,Peaton,Peaton,Femenino,39,5/11/2017
195,2017-0060,2017,5,13,Pasajero_Acompanante,Moto,Masculino,30,5/13/2017
196,2017-0061,2017,5,15,Peaton,Peaton,Masculino,47,5/16/2017
197,2017-0062,2017,5,15,Conductor,Moto,Masculino,35,5/15/2017
198,2017-0063,2017,5,17,Peaton,Peaton,Femenino,79,5/17/2017
199,2017-0064,2017,5,20,Pasajero_Acompanante,Cargas,Masculino,61,5/20/2017
200,2017-0065,2017,5,22,Ciclista,Bicicleta,Masculino,21,5/22/2017
201,2017-0066,2017,5,22,Peaton,Peaton,Masculino,10,5/22/2017
202,2017-0067,2017,5,23,Conductor,Moto,Masculino,21,5/23/2017
203,2017-0068,2017,5,27,Conductor,Moto,Masculino,32,5/27/2017
204,2017-0069,2017,5,29,Conductor,Moto,Masculino,39,5/29/2017
205,2017-0070,2017,5,30,Peaton,Peaton,Masculino,80,5/31/2017
206,2017-0072,2017,6,3,Conductor,Auto,Masculino,25,6/3/2017
207,2017-0073,2017,6,4,Conductor,Moto,Masculino,19,6/4/2017
208,2017-0074,2017,6,4,Sd,Sd,Masculino,70,6/4/2017
209,2017-0075,2017,6,12,Peaton,Peaton,Masculino,55,6/12/2017
210,2017-0076,2017,6,13,Peaton,Peaton,Femenino,30,6/13/2017
211,2017-0077,2017,6,17,Conductor,Moto,Femenino,60,6/18/2017
212,2017-0079,2017,6,19,Conductor,Moto,Masculino,33,6/19/2017
213,2017-0080,2017,6,22,Peaton,Peaton,Femenino,95,6/22/2017
214,2017-0082,2017,6,25,Peaton,Peaton,Masculino,36,6/25/2017
215,2017-0083,2017,7,4,Conductor,Moto,Masculino,37,7/4/2017
216,2017-0084,2017,7,5,Peaton,Peaton,Femenino,73,7/5/2017
217,2017-0085,2017,7,7,Peaton,Peaton,Masculino,84,7/7/2017
218,2017-0086,2017,7,9,Peaton,Peaton,Femenino,30,7/9/2017
219,2017-0087,2017,7,10,Peaton,Peaton,Femenino,73,7/10/2017
220,2017-0088,2017,7,10,Peaton,Peaton,Masculino,43,7/10/2017
221,2017-0089,2017,7,13,Sd,Sd,Masculino,23,SD
222,2017-0090,2017,7,15,Peaton,Peaton,Masculino,22,7/15/2017
223,2017-0091,2017,7,15,Conductor,Moto,Masculino,58,7/15/2017
224,2017-0092,2017,7,24,Peaton,Peaton,Masculino,66,7/24/2017
225,2017-0093,2017,7,25,Peaton,Peaton,Masculino,SD,7/25/2017
226,2017-0094,2017,7,27,Ciclista,Bicicleta,Femenino,56,7/27/2017
227,2017-0095,2017,8,6,Conductor,Moto,Masculino,36,8/6/2017
228,2017-0096,2017,8,7,Peaton,Peaton,Masculino,87,8/7/2017
229,2017-0098,2017,8,8,Peaton,Peaton,Femenino,61,8/8/2017
230,2017-0099,2017,8,17,Ciclista,Bicicleta,Masculino,28,8/17/2017
231,2017-0100,2017,8,21,Pasajero_Acompanante,Moto,Femenino,16,8/21/2017
232,2017-0101,2017,8,23,Peaton,Peaton,Femenino,61,8/23/2017
233,2017-0102,2017,8,24,Peaton,Peaton,Masculino,46,8/24/2017
234,2017-0104,2017,8,25,Peaton,Peaton,Femenino,18,8/25/2017
235,2017-0106,2017,8,31,Peaton,Peaton,Femenino,85,8/31/2017
236,2017-0107,2017,9,1,Conductor,Moto,Masculino,41,9/1/2017
237,2017-0108,2017,9,2,Pasajero_Acompanante,Auto,Masculino,17,9/2/2017
238,2017-0108,2017,9,2,Pasajero_Acompanante,Auto,Masculino,10,9/2/2017
239,2017-0109,2017,9,4,Conductor,Moto,Masculino,21,9/5/2017
240,2017-0110,2017,9,6,Peaton,Peaton,Masculino,56,9/7/2017
241,2017-0111,2017,9,7,Peaton,Peaton,Femenino,79,9/7/2017
242,2017-0112,2017,9,10,Pasajero_Acompanante,Auto,Masculino,1,SD
243,2017-0112,2017,9,10,Pasajero_Acompanante,Auto,Masculino,SD,9/13/2017
244,2017-0113,2017,9,11,Peaton,Peaton,Femenino,76,9/11/2017
245,2017-0114,2017,9,15,Conductor,Auto,Masculino,26,9/15/2017
246,2017-0115,2017,9,19,Conductor,Moto,Masculino,34,SD
247,2017-0116,2017,9,20,Conductor,Moto,Masculino,22,9/20/2017
248,2017-0118,2017,9,22,Pasajero_Acompanante,Moto,Femenino,26,9/29/2017
249,2017-0120,2017,10,2,Conductor,Moto,Masculino,20,10/2/2017
250,2017-0123,2017,10,10,Peaton,Peaton,Femenino,36,10/10/2017
251,2017-0124,2017,10,12,Conductor,Moto,Masculino,51,10/12/2017
252,2017-0125,2017,10,13,Conductor,Moto,Masculino,29,10/13/2017
253,2017-0126,2017,10,14,Pasajero_Acompanante,Auto,Masculino,39,SD
254,2017-0126,2017,10,14,Conductor,Auto,Masculino,36,10/14/2017
255,2017-0127,2017,10,16,Pasajero_Acompanante,Moto,Masculino,24,10/16/2017
256,2017-0128,2017,10,17,Peaton,Peaton,Femenino,60,10/17/2017
257,2017-0129,2017,10,26,Conductor,Moto,Masculino,57,10/26/2017
258,2017-0130,2017,10,27,Conductor,Auto,Masculino,23,10/27/2017
259,2017-0132,2017,10,30,Conductor,Moto,Masculino,23,10/30/2017
260,2017-0134,2017,11,6,Peaton,Peaton,Femenino,47,11/6/2017
261,2017-0135,2017,11,7,Conductor,Moto,Masculino,24,11/7/2017
262,2017-0136,2017,11,16,Peaton,Peaton,Masculino,55,11/16/2017
263,2017-0137,2017,11,17,Peaton,Peaton,Femenino,60,11/17/2017
264,2017-0138,2017,11,19,Pasajero_Acompanante,Moto,Masculino,25,11/19/2017
265,2017-0139,2017,11,19,Pasajero_Acompanante,Auto,Femenino,15,11/19/2017
266,2017-0140,2017,11,19,Conductor,Moto,Masculino,24,11/19/2017
267,2017-0141,2017,11,23,Peaton,Peaton,Femenino,22,11/23/2017
268,2017-0143,2017,11,25,Conductor,Auto,Masculino,50,11/25/2017
269,2017-0144,2017,11,26,Pasajero_Acompanante,Auto,Femenino,50,11/26/2017
270,2017-0145,2017,11,26,Conductor,Moto,Masculino,58,11/26/2017
271,2017-0147,2017,11,28,Conductor,Moto,Masculino,49,11/28/2017
272,2017-0148,2017,11,29,Peaton,Peaton,Femenino,82,11/29/2017
273,2017-0149,2017,11,30,Peaton,Peaton,Masculino,13,11/30/2017
274,2017-0150,2017,12,4,Peaton,Peaton,Masculino,56,12/4/2017
275,2017-0151,2017,12,4,Peaton,Peaton,Masculino,SD,12/4/2017
276,2017-0152,2017,12,6,Ciclista,Bicicleta,Masculino,19,12/6/2017
277,2017-0153,2017,12,11,Pasajero_Acompanante,Moto,Masculino,SD,12/12/2017
278,2017-0153,2017,12,11,Conductor,Moto,Masculino,30,12/12/2017
279,2017-0154,2017,12,11,Peaton,Peaton,Masculino,76,12/11/2017
280,2017-0155,2017,12,12,Sd,Sd,Masculino,77,SD
281,2017-0157,2017,12,17,Conductor,Auto,Masculino,53,12/17/2017
282,2017-0158,2017,12,18,Conductor,Moto,Masculino,32,12/18/2017
283,2017-0159,2017,12,20,Conductor,Moto,Masculino,27,12/20/2017
284,2017-0160,2017,12,22,Peaton,Peaton,Femenino,30,12/22/2017
285,2017-0161,2017,12,26,Peaton,Peaton,Femenino,30,12/26/2017
286,2018-0001,2018,1,1,Peaton,Peaton,Masculino,83,1/2/2018
287,2018-0002,2018,1,3,Ciclista,Bicicleta,Femenino,26,1/3/2018
288,2018-0003,2018,1,5,Peaton,Peaton,Femenino,58,1/5/2018
289,2018-0004,2018,1,9,Conductor,Moto,Masculino,39,1/9/2018
290,2018-0005,2018,1,9,Peaton,Peaton,Masculino,54,1/9/2018
291,2018-0006,2018,1,10,Ciclista,Bicicleta,Femenino,45,1/10/2018
292,2018-0007,2018,1,11,Conductor,Auto,Masculino,46,1/11/2018
293,2018-0008,2018,1,12,Conductor,Moto,Femenino,32,1/12/2018
294,2018-0009,2018,1,14,Conductor,Moto,Masculino,19,1/14/2018
295,2018-0010,2018,1,18,Conductor,Moto,Masculino,40,1/18/2018
296,2018-0011,2018,1,19,Peaton,Peaton,Masculino,84,1/19/2018
297,2018-0012,2018,1,26,Conductor,Moto,Masculino,20,1/26/2018
298,2018-0013,2018,1,28,Conductor,Moto,Masculino,44,1/28/2018
299,2018-0014,2018,1,31,Peaton,Peaton,Masculino,SD,2/4/2018
300,2018-0015,2018,2,6,Conductor,Moto,Masculino,28,2/6/2018
301,2018-0015,2018,2,6,Pasajero_Acompanante,Moto,Masculino,19,2/6/2018
302,2018-0016,2018,2,15,Conductor,Moto,Masculino,31,2/15/2018
303,2018-0017,2018,2,17,Peaton,Peaton,Masculino,35,2/20/2018
304,2018-0018,2018,2,17,Conductor,Moto,Masculino,26,2/17/2018
305,2018-0019,2018,2,17,Peaton,Peaton,Femenino,80,2/17/2018
306,2018-0020,2018,2,19,Conductor,Moto,Masculino,26,2/19/2018
307,2018-0021,2018,2,22,Peaton,Peaton,Femenino,62,2/22/2018
308,2018-0022,2018,2,24,Conductor,Moto,Masculino,28,2/24/2018
309,2018-0023,2018,2,24,Conductor,Moto,Masculino,28,2/24/2018
310,2018-0024,2018,2,28,Peaton,Peaton,Masculino,70,2/28/2018
311,2018-0025,2018,3,4,Peaton,Peaton,Masculino,70,3/5/2018
312,2018-0026,2018,3,9,Conductor,Movil,Masculino,24,3/9/2018
313,2018-0026,2018,3,9,Pasajero_Acompanante,Movil,Masculino,30,3/9/2018
314,2018-0027,2018,3,11,Peaton,Peaton,Femenino,74,3/11/2018
315,2018-0028,2018,3,13,Peaton,Peaton,Masculino,71,3/13/2018
316,2018-0029,2018,3,15,Conductor,Moto,Masculino,26,3/15/2018
317,2018-0030,2018,3,20,Conductor,Moto,Masculino,24,3/20/2018
318,2018-0031,2018,3,28,Conductor,Moto,Masculino,31,3/28/2018
319,2018-0032,2018,4,2,Peaton,Peaton,Masculino,70,4/2/2018
320,2018-0033,2018,4,7,Conductor,Moto,Femenino,42,4/10/2018
321,2018-0034,2018,4,11,Peaton,Peaton,Masculino,24,4/11/2018
322,2018-0035,2018,4,12,Peaton,Peaton,Femenino,39,4/12/2018
323,2018-0036,2018,4,13,Conductor,Moto,Masculino,37,4/15/2018
324,2018-0037,2018,4,18,Peaton,Peaton,Masculino,84,4/19/2018
325,2018-0038,2018,4,20,Peaton,Peaton,Femenino,59,4/20/2018
326,2018-0038,2018,4,20,Peaton,Peaton,Masculino,61,4/20/2018
327,2018-0039,2018,4,21,Peaton,Peaton,Masculino,37,4/21/2018
328,2018-0040,2018,4,27,Peaton,Peaton,Femenino,SD,4/27/2018
329,2018-0041,2018,4,27,Peaton,Peaton,Femenino,78,4/27/2018
330,2018-0042,2018,4,27,Pasajero_Acompanante,Moto,Masculino,23,4/27/2018
331,2018-0043,2018,4,28,Conductor,Moto,Masculino,25,4/29/2018
332,2018-0044,2018,4,28,Peaton,Peaton,Femenino,50,4/28/2018
333,2018-0045,2018,4,30,Conductor,Auto,Masculino,60,4/30/2018
334,2018-0046,2018,5,2,Peaton,Peaton,Masculino,11,5/2/2018
335,2018-0047,2018,5,8,Peaton,Peaton,Masculino,82,5/9/2018
336,2018-0048,2018,5,9,Peaton,Peaton,Masculino,57,5/16/2018
337,2018-0049,2018,5,11,Peaton,Peaton,Femenino,40,5/13/2018
338,2018-0050,2018,5,14,Peaton,Peaton,Femenino,47,5/24/2018
339,2018-0051,2018,5,15,Peaton,Peaton,Femenino,57,5/15/2018
340,2018-0052,2018,5,18,Peaton,Peaton,Masculino,78,5/19/2018
341,2018-0053,2018,5,20,Conductor,Moto,Masculino,43,5/20/2018
342,2018-0054,2018,5,22,Peaton,Peaton,Femenino,86,5/25/2018
343,2018-0055,2018,5,29,Conductor,Moto,Masculino,21,5/29/2018
344,2018-0056,2018,6,2,Peaton,Peaton,Femenino,69,6/4/2018
345,2018-0057,2018,6,3,Conductor,Moto,Masculino,33,6/4/2018
346,2018-0058,2018,6,3,Conductor,Moto,Masculino,26,6/13/2018
347,2018-0059,2018,6,8,Conductor,Moto,Masculino,54,6/8/2018
348,2018-0060,2018,6,8,Peaton,Peaton,Masculino,51,6/8/2018
349,2018-0061,2018,6,10,Conductor,Moto,Masculino,51,6/10/2018
350,2018-0062,2018,6,14,Peaton,Peaton,Masculino,32,6/14/2018
351,2018-0063,2018,6,16,Peaton,Peaton,Femenino,28,6/17/2018
352,2018-0064,2018,6,25,Conductor,Auto,Masculino,30,6/25/2018
353,2018-0065,2018,6,26,Conductor,Moto,Masculino,35,6/26/2018
354,2018-0066,2018,6,28,Peaton,Peaton,Masculino,73,6/28/2018
355,2018-0067,2018,6,29,Pasajero_Acompanante,Pasajeros,Femenino,81,7/6/2018
356,2018-0068,2018,7,1,Conductor,Moto,Masculino,21,7/1/2018
357,2018-0069,2018,7,4,Ciclista,Bicicleta,Masculino,20,7/4/2018
358,2018-0070,2018,7,7,Conductor,Moto,Masculino,33,7/7/2018
359,2018-0071,2018,7,10,Conductor,Moto,Masculino,SD,7/10/2018
360,2018-0072,2018,7,11,Conductor,Moto,Masculino,27,7/13/2018
361,2018-0073,2018,7,11,Peaton,Peaton,Femenino,67,7/11/2018
362,2018-0074,2018,7,14,Conductor,Auto,Masculino,25,7/14/2018
363,2018-0075,2018,7,15,Peaton,Peaton,Masculino,23,7/15/2018
364,2018-0076,2018,7,16,Conductor,Auto,Masculino,73,7/16/2018
365,2018-0077,2018,7,16,Conductor,Auto,Masculino,58,7/17/2018
366,2018-0078,2018,7,21,Peaton,Peaton,Masculino,27,7/21/2018
367,2018-0079,2018,7,23,Peaton,Peaton,Masculino,SD,7/23/2018
368,2018-0080,2018,7,25,Peaton,Peaton,Masculino,26,7/25/2018
369,2018-0081,2018,7,29,Peaton,Peaton,Masculino,35,7/29/2018
370,2018-0082,2018,8,1,Conductor,Moto,Femenino,17,8/1/2018
371,2018-0083,2018,8,2,Conductor,Moto,Masculino,SD,8/2/2018
372,2018-0084,2018,8,3,Peaton,Peaton,Masculino,45,8/3/2018
373,2018-0085,2018,8,3,Pasajero_Acompanante,Moto,Femenino,22,8/3/2018
374,2018-0085,2018,8,3,Conductor,Moto,Masculino,30,8/3/2018
375,2018-0086,2018,8,10,Peaton,Peaton,Masculino,40,8/10/2018
376,2018-0087,2018,8,15,Peaton,Peaton,Masculino,75,8/20/2018
377,2018-0088,2018,8,17,Conductor,Moto,Masculino,SD,8/17/2018
378,2018-0089,2018,8,17,Peaton,Peaton,Masculino,80,8/17/2018
379,2018-0090,2018,8,18,Conductor,Moto,Masculino,27,8/18/2018
380,2018-0091,2018,8,19,Pasajero_Acompanante,Auto,Femenino,23,8/19/2018
381,2018-0092,2018,8,20,Conductor,Moto,Masculino,23,8/20/2018
382,2018-0093,2018,8,20,Peaton,Peaton,Masculino,24,8/20/2018
383,2018-0094,2018,8,23,Conductor,Moto,Masculino,32,8/23/2018
384,2018-0095,2018,8,26,Pasajero_Acompanante,Auto,Femenino,49,8/26/2018
385,2018-0096,2018,8,31,Peaton,Peaton,Masculino,39,8/31/2018
386,2018-0097,2018,9,2,Conductor,Auto,Femenino,35,9/2/2018
387,2018-0098,2018,9,9,Conductor,Auto,Masculino,55,9/9/2018
388,2018-0098,2018,9,9,Pasajero_Acompanante,Auto,Masculino,54,9/9/2018
389,2018-0099,2018,9,12,Peaton,Peaton,Masculino,18,9/13/2018
390,2018-0100,2018,9,20,Sd,Moto,Femenino,33,9/20/2018
391,2018-0101,2018,9,21,Conductor,Auto,Masculino,SD,9/21/2018
392,2018-0102,2018,9,21,Conductor,Moto,Masculino,20,9/21/2018
393,2018-0103,2018,9,27,Peaton,Peaton,Masculino,1,9/29/2018
394,2018-0104,2018,10,1,Conductor,Moto,Masculino,22,10/1/2018
395,2018-0105,2018,10,3,Peaton,Peaton,Femenino,56,10/3/2018
396,2018-0106,2018,10,4,Conductor,Moto,Masculino,27,10/4/2018
397,2018-0107,2018,10,6,Peaton,Peaton,Femenino,62,10/6/2018
398,2018-0108,2018,10,9,Conductor,Moto,Masculino,37,10/10/2018
399,2018-0109,2018,10,10,Peaton,Peaton,Masculino,34,10/10/2018
400,2018-0110,2018,10,13,Peaton,Peaton,Masculino,60,10/14/2018
401,2018-0111,2018,10,19,Conductor,Moto,Masculino,28,10/19/2018
402,2018-0112,2018,10,24,Conductor,Moto,Femenino,28,10/24/2018
403,2018-0113,2018,10,25,Conductor,Moto,Masculino,20,10/25/2018
404,2018-0114,2018,10,30,Conductor,Moto,Masculino,23,10/30/2018
405,2018-0115,2018,10,31,Peaton,Peaton,Masculino,42,11/1/2018
406,2018-0116,2018,11,1,Peaton,Peaton,Masculino,48,11/8/2018
407,2018-0117,2018,11,4,Conductor,Moto,Masculino,30,11/8/2018
408,2018-0118,2018,11,5,Peaton,Peaton,Femenino,80,11/5/2018
409,2018-0119,2018,11,5,Peaton,Peaton,Femenino,32,11/6/2018
410,2018-0120,2018,11,9,Peaton,Peaton,Femenino,51,11/20/2018
411,2018-0121,2018,11,9,Peaton,Peaton,Femenino,72,11/9/2018
412,2018-0122,2018,11,12,Conductor,Auto,Masculino,33,11/12/2018
413,2018-0123,2018,11,12,Conductor,Auto,Masculino,25,11/12/2018
414,2018-0124,2018,11,15,Conductor,Cargas,Masculino,44,11/15/2018
415,2018-0125,2018,11,16,Peaton,Peaton,Masculino,29,11/17/2018
416,2018-0126,2018,11,18,Conductor,Moto,Masculino,27,11/23/2018
417,2018-0127,2018,11,19,Conductor,Moto,Masculino,29,11/19/2018
418,2018-0128,2018,11,25,Pasajero_Acompanante,Auto,Masculino,49,11/25/2018
419,2018-0128,2018,11,25,Pasajero_Acompanante,Auto,Femenino,39,11/25/2018
420,2018-0129,2018,11,28,Conductor,Moto,Masculino,37,11/30/2018
421,2018-0130,2018,12,3,Conductor,Moto,Masculino,SD,12/3/2018
422,2018-0131,2018,12,7,Conductor,Moto,Masculino,29,12/7/2018
423,2018-0132,2018,12,12,Peaton,Peaton,Masculino,70,12/12/2018
424,2018-0133,2018,12,12,Peaton,Peaton,Femenino,60,12/12/2018
425,2018-0134,2018,12,12,Peaton,Peaton,Masculino,56,12/13/2018
426,2018-0135,2018,12,18,Peaton,Peaton,Masculino,80,12/22/2018
427,2018-0136,2018,12,18,Peaton,Peaton,Femenino,70,12/18/2018
428,2018-0137,2018,12,18,Pasajero_Acompanante,Moto,Masculino,29,12/19/2018
429,2018-0138,2018,12,21,Pasajero_Acompanante,Pasajeros,Femenino,79,12/21/2018
430,2018-0139,2018,12,22,Pasajero_Acompanante,Moto,Masculino,28,12/24/2018
431,2018-0140,2018,12,22,Conductor,Auto,Masculino,78,12/22/2018
432,2018-0141,2018,12,22,Peaton,Peaton,Masculino,75,12/24/2018
433,2018-0142,2018,12,25,Pasajero_Acompanante,Cargas,Masculino,32,1/1/2019
434,2018-0143,2018,12,29,Conductor,Moto,Masculino,22,12/29/2018
435,2019-0001,2019,1,8,Conductor,Moto,Masculino,25,1/8/2019
436,2019-0002,2019,1,9,Conductor,Auto,Masculino,32,1/9/2019
437,2019-0003,2019,1,12,Conductor,Moto,Masculino,23,1/12/2019
438,2019-0004,2019,1,14,Conductor,Auto,Masculino,71,1/14/2019
439,2019-0005,2019,1,19,Conductor,Moto,Masculino,43,1/19/2019
440,2019-0006,2019,1,23,Peaton,Peaton,Femenino,12,1/23/2019
441,2019-0007,2019,1,26,Conductor,Moto,Masculino,35,1/26/2019
442,2019-0008,2019,1,30,Conductor,Moto,Masculino,42,1/31/2019
443,2019-0009,2019,1,31,Conductor,Moto,Masculino,34,1/31/2019
444,2019-0010,2019,2,2,Peaton,Peaton,Masculino,SD,2/2/2019
445,2019-0010,2019,2,2,Peaton,Peaton,Masculino,59,2/2/2019
446,2019-0011,2019,2,10,Peaton,Peaton,Masculino,SD,2/10/2019
447,2019-0012,2019,2,17,Conductor,Moto,Masculino,31,2/20/2019
448,2019-0013,2019,2,20,Peaton,Peaton,Masculino,39,3/2/2019
449,2019-0014,2019,2,20,Conductor,Moto,Masculino,69,2/20/2019
450,2019-0015,2019,2,23,Conductor,Auto,Masculino,21,2/23/2019
451,2019-0016,2019,2,24,Conductor,Moto,Masculino,40,2/24/2019
452,2019-0017,2019,3,3,Conductor,Auto,Masculino,22,3/7/2019
453,2019-0018,2019,3,3,Peaton,Peaton,Femenino,29,3/3/2019
454,2019-0019,2019,3,6,Conductor,Moto,Masculino,SD,26/03/2019
455,2019-0020,2019,3,7,Conductor,Moto,Masculino,43,3/7/2019
456,2019-0021,2019,3,15,Conductor,Moto,Masculino,23,3/16/2019
457,2019-0022,2019,3,15,Pasajero_Acompanante,Auto,Masculino,SD,3/15/2019
458,2019-0023,2019,3,16,Conductor,Auto,Masculino,34,3/16/2019
459,2019-0024,2019,3,19,Conductor,Moto,Masculino,32,3/19/2019
460,2019-0025,2019,3,22,Peaton,Peaton,Masculino,27,4/4/2019
461,2019-0026,2019,3,28,Peaton,Peaton,Masculino,SD,3/28/2019
462,2019-0027,2019,3,28,Ciclista,Bicicleta,Masculino,37,3/28/2019
463,2019-0028,2019,4,6,Peaton,Peaton,Femenino,SD,4/6/2019
464,2019-0029,2019,4,7,Conductor,Moto,Masculino,27,4/7/2019
465,2019-0030,2019,4,9,Conductor,Moto,Masculino,25,4/9/2019
466,2019-0031,2019,4,12,Ciclista,Bicicleta,Masculino,20,4/12/2019
467,2019-0032,2019,4,16,Peaton,Peaton,Femenino,83,4/18/2019
468,2019-0033,2019,4,18,Conductor,Moto,Masculino,25,4/18/2019
469,2019-0034,2019,4,21,Conductor,Moto,Masculino,SD,4/21/2019
470,2019-0035,2019,4,23,Peaton,Peaton,Femenino,75,4/23/2019
471,2019-0036,2019,4,26,Conductor,Moto,Masculino,34,5/2/2019
472,2019-0037,2019,5,1,Conductor,Moto,Masculino,17,5/1/2019
473,2019-0038,2019,5,4,Peaton,Peaton,Femenino,42,5/5/2019
474,2019-0105,2019,5,5,Peaton,Peaton,Femenino,82,5/8/2019
475,2019-0039,2019,5,9,Conductor,Moto,Masculino,28,5/9/2019
476,2019-0040,2019,5,9,Conductor,Moto,Masculino,44,5/15/2019
477,2019-0041,2019,5,11,Pasajero_Acompanante,Auto,Femenino,78,5/11/2019
478,2019-0042,2019,5,14,Peaton,Peaton,Masculino,39,5/14/2019
479,2019-0043,2019,5,21,Ciclista,Bicicleta,Femenino,SD,5/21/2019
480,2019-0044,2019,5,27,Peaton,Peaton,Femenino,77,5/29/2019
481,2019-0045,2019,6,3,Conductor,Moto,Masculino,33,6/3/2019
482,2019-0046,2019,6,4,Pasajero_Acompanante,Moto,Femenino,26,6/4/2019
483,2019-0047,2019,6,6,Peaton,Peaton,Masculino,76,6/6/2019
484,2019-0048,2019,6,7,Conductor,Moto,Masculino,32,6/7/2019
485,2019-0049,2019,6,8,Peaton,Peaton,Femenino,72,6/9/2019
486,2019-0050,2019,6,8,Conductor,Moto,Masculino,21,6/9/2019
487,2019-0051,2019,6,11,Conductor,Moto,Masculino,41,6/11/2019
488,2019-0053,2019,6,14,Pasajero_Acompanante,Auto,Masculino,49,6/14/2019
489,2019-0054,2019,6,20,Conductor,Moto,Masculino,21,6/20/2019
490,2019-0055,2019,6,20,Conductor,Moto,Masculino,47,6/21/2019
491,2019-0056,2019,6,29,Peaton,Peaton,Femenino,75,6/29/2019
492,2019-0057,2019,7,5,Peaton,Peaton,Femenino,63,7/8/2019
493,2019-0058,2019,7,10,Conductor,Moto,Masculino,39,7/10/2019
494,2019-0059,2019,7,13,Conductor,Moto,Masculino,30,7/13/2019
495,2019-0060,2019,7,17,Peaton,Peaton,Femenino,78,7/17/2019
496,2019-0061,2019,7,17,Peaton,Peaton,Femenino,58,7/17/2019
497,2019-0062,2019,8,1,Peaton,Peaton,Femenino,60,8/2/2019
498,2019-0063,2019,8,4,Pasajero_Acompanante,Moto,Masculino,SD,8/4/2019
499,2019-0064,2019,8,6,Conductor,Moto,Masculino,20,8/6/2019
500,2019-0065,2019,8,8,Peaton,Peaton,Femenino,55,8/9/2019
501,2019-0066,2019,8,11,Peaton,Peaton,Masculino,40,8/11/2019
502,2019-0067,2019,8,14,Conductor,Moto,Masculino,35,8/14/2019
503,2019-0068,2019,8,14,Conductor,Moto,Masculino,53,8/14/2019
504,2019-0069,2019,8,17,Conductor,Moto,Masculino,43,8/17/2019
505,2019-0070,2019,8,22,Conductor,Moto,Masculino,25,8/22/2019
506,2019-0071,2019,8,27,Peaton,Peaton,Masculino,SD,8/27/2019
507,2019-0072,2019,8,28,Conductor,Auto,Masculino,22,9/2/2019
508,2019-0073,2019,8,29,Conductor,Auto,Masculino,29,9/6/2019
509,2019-0074,2019,8,29,Conductor,Moto,Masculino,35,8/29/2019
510,2019-0075,2019,8,30,Conductor,Moto,Masculino,31,8/30/2019
511,2019-0076,2019,9,5,Conductor,Moto,Femenino,29,9/5/2019
512,2019-0077,2019,9,8,Peaton,Peaton,Femenino,28,9/8/2019
513,2019-0078,2019,9,12,Peaton,Peaton,Femenino,72,9/15/2019
514,2019-0079,2019,9,17,Conductor,Moto,Masculino,57,9/17/2019
515,2019-0080,2019,9,17,Peaton,Peaton,Masculino,76,9/17/2019
516,2019-0081,2019,9,23,Peaton,Peaton,Masculino,67,10/7/2019
517,2019-0082,2019,9,25,Ciclista,Bicicleta,Masculino,47,9/25/2019
518,2019-0083,2019,9,26,Conductor,Auto,Masculino,73,9/26/2019
519,2019-0084,2019,9,27,Ciclista,Bicicleta,Femenino,40,9/27/2019
520,2019-0085,2019,10,9,Ciclista,Bicicleta,Masculino,20,10/9/2019
521,2019-0086,2019,10,15,Conductor,Moto,Masculino,29,10/15/2019
522,2019-0087,2019,10,21,Conductor,Moto,Masculino,41,10/21/2019
523,2019-0088,2019,10,22,Peaton,Peaton,Masculino,27,10/22/2019
524,2019-0089,2019,10,23,Peaton,Peaton,Femenino,92,10/23/2019
525,2019-0090,2019,10,24,Peaton,Peaton,Masculino,67,10/26/2019
526,2019-0091,2019,11,1,Peaton,Peaton,Masculino,35,11/1/2019
527,2019-0092,2019,11,3,Peaton,Peaton,Masculino,37,11/3/2019
528,2019-0093,2019,11,13,Ciclista,Bicicleta,Masculino,16,11/13/2019
529,2019-0094,2019,11,18,Pasajero_Acompanante,Moto,Femenino,SD,11/18/2019
530,2019-0095,2019,11,20,Conductor,Moto,Masculino,SD,11/20/2019
531,2019-0096,2019,11,22,Peaton,Peaton,Masculino,73,11/22/2019
532,2019-0097,2019,11,25,Pasajero_Acompanante,Moto,Femenino,23,11/25/2019
533,2019-0098,2019,11,25,Pasajero_Acompanante,Pasajeros,Femenino,61,11/29/2019
534,2019-0100,2019,12,5,Conductor,Moto,Masculino,38,12/18/2019
535,2019-0101,2019,12,17,Conductor,Moto,Masculino,25,12/17/2019
536,2019-0102,2019,12,17,Conductor,Moto,Masculino,18,12/18/2019
537,2019-0103,2019,12,18,Conductor,Moto,Masculino,24,12/18/2019
538,2019-0104,2019,12,21,Pasajero_Acompanante,Moto,Femenino,23,12/22/2019
539,2020-0001,2020,1,4,Peaton,Peaton,Femenino,87,1/4/2020
540,2020-0002,2020,1,5,Conductor,Moto,Masculino,36,1/7/2020
541,2020-0003,2020,1,11,Peaton,Peaton,Masculino,44,1/11/2020
542,2020-0004,2020,1,14,Peaton,Peaton,Masculino,82,1/15/2020
543,2020-0005,2020,1,14,Conductor,Moto,Masculino,25,2/10/2020
544,2020-0006,2020,1,20,Conductor,Moto,Masculino,23,1/20/2020
545,2020-0007,2020,1,27,Peaton,Peaton,Masculino,52,1/27/2020
546,2020-0008,2020,1,30,Conductor,Moto,Masculino,49,1/30/2020
547,2020-0009,2020,2,4,Peaton,Peaton,Masculino,48,2/5/2020
548,2020-0010,2020,2,8,Conductor,Moto,Masculino,SD,2/8/2020
549,2020-0011,2020,2,12,Conductor,Moto,Masculino,31,2/12/2020
550,2020-0012,2020,2,18,Peaton,Peaton,Femenino,66,2/18/2020
551,2020-0013,2020,2,20,Peaton,Peaton,Femenino,58,3/3/2020
552,2020-0014,2020,2,27,Conductor,Moto,Masculino,SD,2/27/2020
553,2020-0015,2020,2,28,Conductor,Moto,Masculino,29,2/28/2020
554,2020-0016,2020,2,29,Peaton,Peaton,Masculino,68,3/9/2020
555,2020-0017,2020,3,5,Peaton,Peaton,Masculino,SD,3/5/2020
556,2020-0018,2020,3,9,Conductor,Moto,Masculino,31,3/9/2020
557,2020-0019,2020,3,10,Peaton,Peaton,Femenino,80,3/10/2020
558,2020-0020,2020,3,13,Peaton,Peaton,Femenino,74,3/17/2020
559,2020-0021,2020,3,14,Peaton,Peaton,Femenino,87,3/14/2020
560,2020-0022,2020,4,7,Pasajero_Acompanante,Auto,Masculino,44,4/7/2020
561,2020-0023,2020,4,9,Conductor,Auto,Masculino,44,5/3/2020
562,2020-0024,2020,4,24,Conductor,Auto,Masculino,53,4/24/2020
563,2020-0025,2020,5,12,Peaton,Peaton,Masculino,SD,5/12/2020
564,2020-0026,2020,5,17,Conductor,Moto,Masculino,28,5/17/2020
565,2020-0027,2020,5,18,Peaton,Peaton,Masculino,76,5/18/2020
566,2020-0028,2020,5,19,Peaton,Peaton,Masculino,91,5/23/2020
567,2020-0029,2020,6,10,Peaton,Peaton,Masculino,80,6/12/2020
568,2020-0030,2020,6,16,Conductor,Moto,Masculino,40,6/16/2020
569,2020-0031,2020,6,30,Conductor,Moto,Masculino,29,6/30/2020
570,2020-0032,2020,7,10,Conductor,Moto,Masculino,21,7/10/2020
571,2020-0033,2020,7,19,Conductor,Auto,Masculino,32,7/19/2020
572,2020-0034,2020,8,2,Peaton,Peaton,Femenino,SD,8/2/2020
573,2020-0035,2020,8,4,Conductor,Moto,Masculino,40,8/4/2020
574,2020-0036,2020,8,7,Peaton,Peaton,Masculino,72,8/22/2020
575,2020-0037,2020,8,29,Peaton,Peaton,Masculino,38,8/29/2020
576,2020-0038,2020,8,30,Conductor,Auto,Masculino,46,8/30/2020
577,2020-0038,2020,8,30,Conductor,Auto,Masculino,64,8/30/2020
578,2020-0039,2020,9,1,Peaton,Peaton,Masculino,44,9/1/2020
579,2020-0040,2020,9,12,Conductor,Auto,Masculino,SD,9/12/2020
580,2020-0041,2020,9,28,Conductor,Moto,Masculino,34,9/28/2020
581,2020-0042,2020,9,29,Peaton,Peaton,Femenino,53,9/29/2020
582,2020-0043,2020,9,30,Peaton,Peaton,Masculino,64,9/30/2020
583,2020-0044,2020,10,5,Conductor,Auto,Masculino,43,10/5/2020
584,2020-0045,2020,10,19,Conductor,Auto,Masculino,50,10/19/2020
585,2020-0046,2020,10,27,Conductor,Moto,Masculino,41,10/27/2020
586,2020-0047,2020,10,27,Peaton,Peaton,Masculino,15,10/27/2020
587,2020-0048,2020,10,29,Conductor,Moto,Masculino,41,10/29/2020
588,2020-0049,2020,10,30,Peaton,Peaton,Masculino,36,10/30/2020
589,2020-0050,2020,11,1,Peaton,Peaton,Femenino,28,11/1/2020
590,2020-0051,2020,11,5,Conductor,Moto,Masculino,49,11/5/2020
591,2020-0052,2020,11,7,Ciclista,Bicicleta,Masculino,44,11/7/2020
592,2020-0053,2020,11,9,Pasajero_Acompanante,Auto,Masculino,27,11/9/2020
593,2020-0054,2020,11,19,Ciclista,Bicicleta,Masculino,59,11/23/2020
594,2020-0055,2020,11,19,Peaton,Peaton,Masculino,91,12/11/2020
595,2020-0056,2020,11,21,Conductor,Moto,Femenino,34,11/21/2020
596,2020-0057,2020,11,23,Peaton,Peaton,Masculino,84,11/23/2020
597,2020-0058,2020,11,24,Peaton,Peaton,Masculino,57,11/25/2020
598,2020-0059,2020,12,1,Peaton,Peaton,Femenino,49,12/14/2020
599,2020-0060,2020,12,3,Peaton,Peaton,Femenino,69,12/3/2020
600,2020-0061,2020,12,3,Conductor,Moto,Masculino,45,12/4/2020
601,2020-0062,2020,12,4,Ciclista,Bicicleta,Masculino,47,12/4/2020
602,2020-0063,2020,12,5,Peaton,Peaton,Masculino,38,12/5/2020
603,2020-0063,2020,12,5,Pasajero_Acompanante,Moto,Masculino,21,12/5/2020
604,2020-0065,2020,12,5,Conductor,Moto,Masculino,24,12/6/2020
605,2020-0066,2020,12,7,Conductor,Moto,Masculino,27,12/7/2020
606,2020-0067,2020,12,11,Peaton,Peaton,Masculino,51,12/11/2020
607,2020-0068,2020,12,12,Conductor,Moto,Masculino,71,12/20/2020
608,2020-0069,2020,12,15,Pasajero_Acompanante,Moto,Masculino,25,12/15/2020
609,2020-0070,2020,12,17,Peaton,Peaton,Femenino,81,12/22/2020
610,2020-0071,2020,12,17,Peaton,Peaton,Masculino,4,12/17/2020
611,2020-0072,2020,12,19,Ciclista,Bicicleta,Masculino,42,12/19/2020
612,2020-0073,2020,12,20,Conductor,Moto,Masculino,56,12/20/2020
613,2020-0074,2020,12,20,Conductor,Auto,Masculino,39,12/20/2020
614,2020-0075,2020,12,23,Peaton,Peaton,Masculino,23,12/23/2020
615,2020-0076,2020,12,24,Conductor,Auto,Femenino,78,1/17/2021
616,2020-0077,2020,12,25,Conductor,Moto,Femenino,30,12/25/2020
617,2020-0077,2020,12,25,Pasajero_Acompanante,Moto,Femenino,24,12/25/2020
618,2020-0078,2020,12,25,Ciclista,Bicicleta,Masculino,26,12/25/2020
619,2020-0079,2020,12,27,Conductor,Moto,Masculino,28,12/27/2020
620,2021-0001,2021,1,6,Conductor,Moto,Masculino,36,1/6/2021
621,2021-0002,2021,1,7,Conductor,Moto,Femenino,47,1/7/2021
622,2021-0003,2021,1,10,Conductor,Moto,Masculino,27,1/10/2021
623,2021-0004,2021,1,11,Peaton,Peaton,Femenino,61,1/11/2021
624,2021-0005,2021,1,11,Peaton,Peaton,Masculino,73,1/14/2021
625,2021-0006,2021,1,12,Pasajero_Acompanante,Moto,Femenino,23,1/12/2021
626,2021-0007,2021,1,18,Conductor,Moto,Masculino,84,1/26/2021
627,2021-0008,2021,1,22,Peaton,Peaton,Masculino,28,1/22/2021
628,2021-0009,2021,1,23,Conductor,Moto,Masculino,31,1/23/2021
629,2021-0010,2021,1,23,Conductor,Moto,Masculino,28,1/23/2021
630,2021-0011,2021,1,27,Peaton,Peaton,Masculino,21,1/27/2021
631,2021-0012,2021,1,29,Peaton,Peaton,Masculino,SD,1/29/2021
632,2021-0013,2021,1,31,Conductor,Moto,Masculino,41,1/31/2021
633,2021-0014,2021,2,2,Peaton,Peaton,Masculino,28,2/18/2021
634,2021-0015,2021,2,6,Conductor,Moto,Masculino,26,2/6/2021
635,2021-0016,2021,2,14,Conductor,Auto,Masculino,22,2/14/2021
636,2021-0017,2021,2,17,Conductor,Moto,Masculino,33,2/17/2021
637,2021-0018,2021,2,20,Peaton,Peaton,Masculino,36,3/8/2021
638,2021-0019,2021,2,21,Conductor,Moto,Masculino,30,2/21/2021
639,2021-0020,2021,2,21,Peaton,Peaton,Femenino,SD,2/21/2021
640,2021-0021,2021,2,26,Conductor,Moto,Masculino,39,3/4/2021
641,2021-0022,2021,2,28,Pasajero_Acompanante,Pasajeros,Masculino,68,3/6/2021
642,2021-0023,2021,3,1,Conductor,Moto,Masculino,24,3/1/2021
643,2021-0024,2021,3,3,Ciclista,Bicicleta,Masculino,5,3/3/2021
644,2021-0025,2021,3,11,Conductor,Moto,Masculino,37,3/11/2021
645,2021-0026,2021,3,15,Conductor,Moto,Masculino,36,3/15/2021
646,2021-0027,2021,3,16,Conductor,Moto,Femenino,19,3/16/2021
647,2021-0028,2021,3,29,Peaton,Peaton,Masculino,SD,3/29/2021
648,2021-0029,2021,3,31,Conductor,Auto,Masculino,26,4/2/2021
649,2021-0030,2021,4,3,Peaton,Peaton,Masculino,36,4/7/2021
650,2021-0031,2021,4,7,Peaton,Peaton,Femenino,68,4/11/2021
651,2021-0032,2021,4,10,Peaton,Peaton,Masculino,60,4/29/2021
652,2021-0033,2021,4,14,Conductor,Auto,Masculino,33,4/14/2021
653,2021-0034,2021,4,19,Pasajero_Acompanante,Moto,Femenino,26,4/19/2021
654,2021-0035,2021,5,3,Conductor,Moto,Masculino,24,5/3/2021
655,2021-0036,2021,5,9,Conductor,Moto,Masculino,36,5/9/2021
656,2021-0037,2021,5,11,Peaton,Peaton,Femenino,58,5/11/2021
657,2021-0038,2021,5,14,Conductor,Moto,Femenino,44,5/14/2021
658,2021-0039,2021,5,15,Ciclista,Bicicleta,Masculino,86,6/5/2021
659,2021-0040,2021,5,20,Conductor,Moto,Masculino,27,5/20/2021
660,2021-0041,2021,5,20,Peaton,Peaton,Masculino,75,5/20/2021
661,2021-0042,2021,5,21,Peaton,Peaton,Masculino,39,5/21/2021
662,2021-0043,2021,5,22,Peaton,Peaton,Masculino,50,5/22/2021
663,2021-0044,2021,5,25,Pasajero_Acompanante,Moto,Masculino,21,5/25/2021
664,2021-0045,2021,5,26,Conductor,Moto,Masculino,22,5/26/2021
665,2021-0046,2021,5,31,Pasajero_Acompanante,Auto,Masculino,20,5/31/2021
666,2021-0047,2021,6,2,Conductor,Moto,Masculino,59,6/2/2021
667,2021-0048,2021,6,3,Ciclista,Bicicleta,Masculino,44,6/23/2021
668,2021-0049,2021,6,3,Conductor,Auto,Masculino,74,6/3/2021
669,2021-0050,2021,6,10,Conductor,Moto,Masculino,56,6/10/2021
670,2021-0051,2021,6,15,Peaton,Peaton,Masculino,73,6/16/2021
671,2021-0052,2021,6,20,Pasajero_Acompanante,Moto,Femenino,19,6/20/2021
672,2021-0053,2021,6,20,Peaton,Peaton,Masculino,58,6/30/2021
673,2021-0054,2021,6,22,Conductor,Moto,Masculino,41,6/22/2021
674,2021-0055,2021,6,29,Pasajero_Acompanante,Moto,Masculino,47,6/29/2021
675,2021-0056,2021,7,9,Ciclista,Bicicleta,Masculino,60,7/9/2021
676,2021-0057,2021,7,10,Conductor,Auto,Masculino,46,7/10/2021
677,2021-0058,2021,7,21,Peaton,Peaton,Masculino,24,7/21/2021
678,2021-0059,2021,7,22,Pasajero_Acompanante,Auto,Femenino,44,7/22/2021
679,2021-0060,2021,7,22,Peaton,Peaton,Femenino,80,7/22/2021
680,2021-0061,2021,7,24,Peaton,Peaton,Femenino,55,7/24/2021
681,2021-0062,2021,7,27,Conductor,Auto,Masculino,73,7/27/2021
682,2021-0063,2021,8,2,Pasajero_Acompanante,Auto,Femenino,31,8/2/2021
683,2021-0064,2021,8,2,Peaton,Peaton,Masculino,37,8/3/2021
684,2021-0065,2021,8,6,Peaton,Peaton,Femenino,63,8/10/2021
685,2021-0066,2021,8,6,Peaton,Peaton,Masculino,59,8/9/2021
686,2021-0067,2021,8,8,Conductor,Moto,Masculino,27,8/8/2021
687,2021-0068,2021,8,15,Conductor,Moto,Masculino,39,8/15/2021
688,2021-0069,2021,8,20,Peaton,Peaton,Masculino,17,8/21/2021
689,2021-0070,2021,8,28,Conductor,Moto,Masculino,31,8/28/2021
690,2021-0071,2021,8,31,Peaton,Peaton,Masculino,88,9/1/2021
691,2021-0072,2021,9,1,Peaton,Peaton,Femenino,57,9/1/2021
692,2021-0073,2021,9,18,Ciclista,Bicicleta,Femenino,76,9/18/2021
693,2021-0074,2021,9,20,Conductor,Moto,Masculino,55,9/20/2021
694,2021-0075,2021,9,21,Peaton,Peaton,Masculino,65,9/21/2021
695,2021-0076,2021,10,16,Conductor,Moto,Masculino,31,10/16/2021
696,2021-0077,2021,10,18,Conductor,Moto,Femenino,31,10/18/2021
697,2021-0078,2021,10,23,Conductor,Moto,Masculino,22,10/23/2021
698,2021-0079,2021,10,25,Peaton,Peaton,Masculino,SD,10/25/2021
699,2021-0080,2021,10,28,Conductor,Moto,Masculino,32,10/28/2021
700,2021-0081,2021,11,2,Conductor,Moto,Masculino,26,11/2/2021
701,2021-0082,2021,11,6,Conductor,Moto,Masculino,38,11/6/2021
702,2021-0083,2021,11,9,Conductor,Moto,Masculino,30,11/9/2021
703,2021-0084,2021,11,11,Conductor,Auto,Masculino,32,11/11/2021
704,2021-0097,2021,11,18,Ciclista,Bicicleta,Masculino,53,11/19/2021
705,2021-0085,2021,11,20,Conductor,Moto,Masculino,49,11/20/2021
706,2021-0086,2021,11,25,Peaton,Peaton,Masculino,75,11/25/2021
707,2021-0087,2021,11,27,Peaton,Peaton,Femenino,73,11/27/2021
708,2021-0088,2021,12,1,Conductor,Moto,Masculino,45,12/7/2021
709,2021-0089,2021,12,2,Conductor,Moto,Masculino,41,12/11/2021
710,2021-0090,2021,12,10,Peaton,Peaton,Masculino,73,1/3/2022
711,2021-0091,2021,12,11,Conductor,Moto,Masculino,24,12/11/2021
712,2021-0092,2021,12,12,Peaton,Peaton,Femenino,50,12/12/2021
713,2021-0093,2021,12,13,Pasajero_Acompanante,Moto,Femenino,18,12/18/2021
714,2021-0094,2021,12,20,Pasajero_Acompanante,Moto,Femenino,43,12/20/2021
715,2021-0095,2021,12,30,Conductor,Moto,Masculino,27,1/2/2022
716,2021-0096,2021,12,15,Conductor,Auto,Masculino,60,12/20/2021
